name,level,source,date
Kasbat Tadla,62.4,Mock data,2026-10-06
Sidi Said Maachou,48.1,Mock data,2026-10-06
Mellah,35.7,Mock data,2026-10-06
Ali Thelat,71.2,Mock data,2026-10-06
El Kansra,58.9,Mock data,2026-10-06
Lalla Takerkoust,24.3,Mock data,2026-10-06
Imfout,66.0,Mock data,2026-10-06
Daourat,53.8,Mock data,2026-10-06
Zemrane,44.5,Mock data,2026-10-06
Bin El Oiudane,31.6,Mock data,2026-10-06
Ait Ourda,77.3,Mock data,2026-10-06
Mechraa Hammadi,18.2,Mock data,2026-10-06
Nakhla,82.5,Mock data,2026-10-06
Safi,39.4,Mock data,2026-10-06
Mohammed V,27.8,Mock data,2026-10-06
Ajras,64.1,Mock data,2026-10-06
Moulay Youssef,41.9,Mock data,2026-10-06
Hassan Addakhil,22.6,Mock data,2026-10-06
Idriss 1er,55.3,Mock data,2026-10-06
Sidi Med. Ben Abdellah,69.7,Mock data,2026-10-06
Ibn Batouta,73.4,Mock data,2026-10-06
Oued El Makhazine,86.2,Mock data,2026-10-06
Al Massira,19.5,Mock data,2026-10-06
Med. Ben Abdelkrim Khattabi,61.0,Mock data,2026-10-06
Garde du Loukkos,47.2,Mock data,2026-10-06
Timi Noutione,33.8,Mock data,2026-10-06
Sidi Driss,58.1,Mock data,2026-10-06
Ait Lamrabtya,12.4,Mock data,2026-10-06
Arid,29.7,Mock data,2026-10-06
Msakhskha,67.5,Mock data,2026-10-06
SIDI ALI,45.9,Mock data,2026-10-06
Kwacem Aval,52.3,Mock data,2026-10-06
Imi Larbaa,38.6,Mock data,2026-10-06
N'ZALET AZRI,74.8,Mock data,2026-10-06
Hassan 1,16.7,Mock data,2026-10-06
Bni Smir,63.2,Mock data,2026-10-06
Agafay,25.1,Mock data,2026-10-06
Tlet Boubker,56.4,Mock data,2026-10-06
Si El Miari,43.0,Mock data,2026-10-06
Tizguit Aval,70.6,Mock data,2026-10-06
Boukerdane,34.2,Mock data,2026-10-06
Akkrouz,80.9,Mock data,2026-10-06
Achbarou,49.5,Mock data,2026-10-06
Boutaaricht,21.3,Mock data,2026-10-06
Hammou Ourzag,60.7,Mock data,2026-10-06
Kheng El H'da,37.9,Mock data,2026-10-06
Azib Douirani,68.3,Mock data,2026-10-06
Imin Lhad,28.4,Mock data,2026-10-06
Batmat Rma,54.6,Mock data,2026-10-06
Ain Tourtoute,76.1,Mock data,2026-10-06
Ruidat Amont,46.8,Mock data,2026-10-06
Ain Koreima,32.5,Mock data,2026-10-06
Mouilah,65.7,Mock data,2026-10-06
Boukhalef 1,59.2,Mock data,2026-10-06
Touiltest,14.8,Mock data,2026-10-06
Itzar,72.0,Mock data,2026-10-06
Allal Al Fassi,40.3,Mock data,2026-10-06
Ras Bel Firane,51.7,Mock data,2026-10-06
Oued Aricha,23.9,Mock data,2026-10-06
Saboun,78.4,Mock data,2026-10-06
Sghir,36.1,Mock data,2026-10-06
Smir,62.9,Mock data,2026-10-06
Garde de Sebou,57.5,Mock data,2026-10-06
Blad El Gaada,26.6,Mock data,2026-10-06
Tizguit Amont,69.1,Mock data,2026-10-06
Jorf El Ghorab,42.2,Mock data,2026-10-06
Essaf,83.7,Mock data,2026-10-06
Douiss,30.8,Mock data,2026-10-06
Joumouaa,55.9,Mock data,2026-10-06
Mahraz,47.6,Mock data,2026-10-06
Sahla,64.8,Mock data,2026-10-06
Aggay,20.1,Mock data,2026-10-06
Neuf Avril 1947,73.9,Mock data,2026-10-06
Injil,38.0,Mock data,2026-10-06
Arabat,50.4,Mock data,2026-10-06
Al Wahda,45.3,Mock data,2026-10-06
Sidi Chahed,66.6,Mock data,2026-10-06
Gharbia,17.9,Mock data,2026-10-06
Ben Yakhlef,81.3,Mock data,2026-10-06
MENZEL,34.7,Mock data,2026-10-06
Barrage sur Oued Za (Ex Hassan II),59.8,Mock data,2026-10-06
Bouhouda,27.2,Mock data,2026-10-06
Bab Louta,71.5,Mock data,2026-10-06
Asfalou,53.0,Mock data,2026-10-06
Bouknadel,41.4,Mock data,2026-10-06
Ahmed Al Hansali,75.6,Mock data,2026-10-06
HAD LAGHOUALEM,31.1,Mock data,2026-10-06
Ouled Abbass,61.7,Mock data,2026-10-06
Ait Messaoud,48.8,Mock data,2026-10-06
BOUBAGRA,13.6,Mock data,2026-10-06
DRAA LAGRAGRA,67.0,Mock data,2026-10-06
BAAJ,35.3,Mock data,2026-10-06
SEHB EL KHYAT,79.2,Mock data,2026-10-06
ROKNET ENNAM,44.1,Mock data,2026-10-06
OUED ENNAMOUS,56.8,Mock data,2026-10-06
Hassan II (Ex Sidi Said),22.0,Mock data,2026-10-06
MOULAY HASSAN BELMAHDI,68.9,Mock data,2026-10-06
S.M.B SLIMANE JAZOULI,39.0,Mock data,2026-10-06
TAMASNA,52.9,Mock data,2026-10-06
HASSAR,28.9,Mock data,2026-10-06
RMEL,74.2,Mock data,2026-10-06
WIRGANE,46.1,Mock data,2026-10-06
AL HIMER,63.8,Mock data,2026-10-06
KOUDIAT EL GARNE,15.5,Mock data,2026-10-06
MAZER,57.0,Mock data,2026-10-06
TASKOURT,33.4,Mock data,2026-10-06
SEHB EL MERGA,70.1,Mock data,2026-10-06
SIDI YAHIA,43.7,Mock data,2026-10-06
EL HANDAK,85.0,Mock data,2026-10-06
SFEISSIF,25.7,Mock data,2026-10-06
TATIOUINE,60.2,Mock data,2026-10-06
TAKHZIRT,37.2,Mock data,2026-10-06
CHBIKA,72.8,Mock data,2026-10-06
Bouhouta,49.0,Mock data,2026-10-06
Mansour Eddahbi,18.8,Mock data,2026-10-06
Youssef Ben Tachfine,29.1,Mock data,2026-10-06
Abdelmoumen,54.2,Mock data,2026-10-06
Sfa,66.3,Mock data,2026-10-06
Dkhila,40.9,Mock data,2026-10-06
Assif Taguenza,77.7,Mock data,2026-10-06
Akka N'oussikis,32.0,Mock data,2026-10-06
Aoulouz,21.8,Mock data,2026-10-06
Imaouene,58.5,Mock data,2026-10-06
Agherghis,47.9,Mock data,2026-10-06
Imin El Kheng,69.4,Mock data,2026-10-06
Mokhtar Soussi,26.0,Mock data,2026-10-06
Moulay Abdellah,62.1,Mock data,2026-10-06
AHL SOUSS,36.6,Mock data,2026-10-06
TOUIZGUI RAMZ,51.2,Mock data,2026-10-06
SIDI EL MAHJOUB,76.9,Mock data,2026-10-06
Taghdout,42.8,Mock data,2026-10-06
Saquia Al Hamra,64.4,Mock data,2026-10-06
OUIN KARA,19.2,Mock data,2026-10-06
KHENG MESSAOUED,55.1,Mock data,2026-10-06
Aman Seyernine,30.3,Mock data,2026-10-06